spec,band,estimate,std_error,z,p_value,ci_lower,ci_upper,pct_change_per_7_nights,pct_ci_lower,pct_ci_upper,n_obs,n_cells,n_periods,n_fe_borough_period,n_clusters,n_obs_dropped,exposure_total,mean_exposure,period,estimator,fixed_effects,cluster,estimand,site_nights,ratio_to_E0,sign_matches_E0
E0,x_0_100,-0.00022328700519507125,0.0010303581230499013,-0.21670815243745814,0.8284357942534605,-0.0022427518175511672,0.0017961778071610246,-0.1561788173897482,-1.5576671665989683,1.265262021123979,3921970,30169,130,650,200,3158740,3164220,0.8067935246827487,week,"PPML (Poisson FE, IRLS + alternating projections)",cell (H3 res-10) + borough x week,H3 res-7 parent (CR1-type G/(G-1)),per additional reported-open light-night (311 open status) in the band; not a physical-darkness or repair effect; under the non-differential timing-error assumption an attenuated signal of darkness,1786784,1.0,True
E0,x_100_250,-1.987383467843392e-06,0.0006058804918459697,-0.0032801575468923263,0.9973828176295677,-0.0011894913264213578,0.001185516559485671,-0.0013911587507872793,-0.829187050086349,0.8333144877569754,3921970,30169,130,650,200,3158740,15639217,3.9875922049378247,week,"PPML (Poisson FE, IRLS + alternating projections)",cell (H3 res-10) + borough x week,H3 res-7 parent (CR1-type G/(G-1)),per additional reported-open light-night (311 open status) in the band; not a physical-darkness or repair effect; under the non-differential timing-error assumption an attenuated signal of darkness,1786784,1.0,True
E0,x_250_500,0.00014458378974158915,0.0002591683274822031,0.5578759995336144,0.5769290613861131,-0.0003633767980570112,0.0006525443775401896,0.10125988605883911,-0.2540405281498513,0.45782589924522543,3921970,30169,130,650,200,3158740,52753298,13.450714309390435,week,"PPML (Poisson FE, IRLS + alternating projections)",cell (H3 res-10) + borough x week,H3 res-7 parent (CR1-type G/(G-1)),per additional reported-open light-night (311 open status) in the band; not a physical-darkness or repair effect; under the non-differential timing-error assumption an attenuated signal of darkness,1786784,1.0,True
strict,x_0_100,0.0014974776826047712,0.0012519308516017356,1.1961344995123973,0.23164407651764163,-0.0009562616976691895,0.003951217062878732,1.053747601373191,-0.6671478096349149,2.8044567240620335,3921970,30169,130,650,200,3158740,1741007,0.4439113506732586,week,"PPML (Poisson FE, IRLS + alternating projections)",cell (H3 res-10) + borough x week,H3 res-7 parent (CR1-type G/(G-1)),per additional reported-open light-night (311 open status) in the band; not a physical-darkness or repair effect; under the non-differential timing-error assumption an attenuated signal of darkness,1008954,-6.706515147607998,False
strict,x_100_250,2.168605838353293e-05,0.0006695038161968051,0.032391239390871775,0.9741600487771056,-0.0012905173088743292,0.0013338894256413952,0.01518139312534156,-0.8992940596237736,0.938095386707696,3921970,30169,130,650,200,3158740,8644425,2.204102785079947,week,"PPML (Poisson FE, IRLS + alternating projections)",cell (H3 res-10) + borough x week,H3 res-7 parent (CR1-type G/(G-1)),per additional reported-open light-night (311 open status) in the band; not a physical-darkness or repair effect; under the non-differential timing-error assumption an attenuated signal of darkness,1008954,-10.911864134134891,False
strict,x_250_500,9.42428429257364e-05,0.0003191942218854378,0.29525234626446706,0.7678011167705756,-0.0005313663360430083,0.0007198520218944811,0.06599175503180624,-0.3712655341640068,0.5051681084210968,3921970,30169,130,650,200,3158740,29190755,7.442880746155631,week,"PPML (Poisson FE, IRLS + alternating projections)",cell (H3 res-10) + borough x week,H3 res-7 parent (CR1-type G/(G-1)),per additional reported-open light-night (311 open status) in the band; not a physical-darkness or repair effect; under the non-differential timing-error assumption an attenuated signal of darkness,1008954,0.6518216398544691,True
start_L7,x_0_100,0.00017158477901175426,0.0009961560336702246,0.17224689025831574,0.8632434356259486,-0.0017808451699641555,0.002124014727987664,0.12018150546985386,-1.238853851811442,1.4979183174666446,3921970,30169,130,650,200,3158740,3694273,0.941943207112752,week,"PPML (Poisson FE, IRLS + alternating projections)",cell (H3 res-10) + borough x week,H3 res-7 parent (CR1-type G/(G-1)),per additional reported-open light-night (311 open status) in the band; not a physical-darkness or repair effect; under the non-differential timing-error assumption an attenuated signal of darkness,2096687,-0.7684494619910902,False
start_L7,x_100_250,0.0001349435603485323,0.0005342168845135547,0.2526007025618606,0.8005767870569676,-0.0009121022932312283,0.001181989413928293,0.09450512021777586,-0.6364377062329294,0.8308249420499486,3921970,30169,130,650,200,3158740,18282748,4.661623622822204,week,"PPML (Poisson FE, IRLS + alternating projections)",cell (H3 res-10) + borough x week,H3 res-7 parent (CR1-type G/(G-1)),per additional reported-open light-night (311 open status) in the band; not a physical-darkness or repair effect; under the non-differential timing-error assumption an attenuated signal of darkness,2096687,-67.90011214844522,False
start_L7,x_250_500,7.581768863395323e-05,0.0002244031161673965,0.33786379587258497,0.7354658315380853,-0.00036400433707270186,0.0005156397143406083,0.05308646792424015,-0.2544786885560635,0.3616000010758671,3921970,30169,130,650,200,3158740,61606440,15.7080344826707,week,"PPML (Poisson FE, IRLS + alternating projections)",cell (H3 res-10) + borough x week,H3 res-7 parent (CR1-type G/(G-1)),per additional reported-open light-night (311 open status) in the band; not a physical-darkness or repair effect; under the non-differential timing-error assumption an attenuated signal of darkness,2096687,0.5243858164837165,True
end_early,x_0_100,0.0010431891505758239,0.0011608805934652856,0.8986188213051723,0.3688557300441668,-0.00123209500296762,0.0033184733041192677,0.7329051039086608,-0.8587579291328374,2.350121490507501,3921970,30169,130,650,200,3158740,1694322,0.4320078939920499,week,"PPML (Poisson FE, IRLS + alternating projections)",cell (H3 res-10) + borough x week,H3 res-7 parent (CR1-type G/(G-1)),per additional reported-open light-night (311 open status) in the band; not a physical-darkness or repair effect; under the non-differential timing-error assumption an attenuated signal of darkness,957723,-4.671965346413499,False
end_early,x_100_250,0.0003441375122604242,0.000604898974125556,0.5689173349283829,0.5694122406736677,-0.0008414426913108917,0.0015297177158317401,0.241186646750552,-0.5872786214709355,1.076556008242315,3921970,30169,130,650,200,3158740,8403594,2.142697164945168,week,"PPML (Poisson FE, IRLS + alternating projections)",cell (H3 res-10) + borough x week,H3 res-7 parent (CR1-type G/(G-1)),per additional reported-open light-night (311 open status) in the band; not a physical-darkness or repair effect; under the non-differential timing-error assumption an attenuated signal of darkness,957723,-173.16110243880854,False
end_early,x_250_500,0.00010450986344142047,0.0002719729708006579,0.38426562438817047,0.7007815835500615,-0.0004285473640962327,0.0006375670909790737,0.07318367059901526,-0.2995336549883213,0.447294351803288,3921970,30169,130,650,200,3158740,28322758,7.221564162907926,week,"PPML (Poisson FE, IRLS + alternating projections)",cell (H3 res-10) + borough x week,H3 res-7 parent (CR1-type G/(G-1)),per additional reported-open light-night (311 open status) in the band; not a physical-darkness or repair effect; under the non-differential timing-error assumption an attenuated signal of darkness,957723,0.7228325085973208,True
merge_g7,x_0_100,-0.0002071455877284347,0.0010311537548046408,-0.20088719724216092,0.8407867787692648,-0.0022281698096687764,0.001813878634211907,-0.14489683443235332,-1.5476182456272733,1.2778101507259643,3921970,30169,130,650,200,3158740,3181297,0.8111477140314689,week,"PPML (Poisson FE, IRLS + alternating projections)",cell (H3 res-10) + borough x week,H3 res-7 parent (CR1-type G/(G-1)),per additional reported-open light-night (311 open status) in the band; not a physical-darkness or repair effect; under the non-differential timing-error assumption an attenuated signal of darkness,1797026,0.9277100006221373,True
merge_g7,x_100_250,1.4791202231884272e-05,0.0006063830673859541,0.024392505377248415,0.9805395263911991,-0.0011736977706795102,0.001203280175143279,0.010354377590994172,-0.8182226256761264,0.8458534170276427,3921970,30169,130,650,200,3158740,15725946,4.0097058366076235,week,"PPML (Poisson FE, IRLS + alternating projections)",cell (H3 res-10) + borough x week,H3 res-7 parent (CR1-type G/(G-1)),per additional reported-open light-night (311 open status) in the band; not a physical-darkness or repair effect; under the non-differential timing-error assumption an attenuated signal of darkness,1797026,-7.442550706097468,False
merge_g7,x_250_500,0.00015713708145996685,0.00025809078680602934,0.6088442110026374,0.5426277059212073,-0.000348711565421456,0.0006629857283413896,0.11005647476177095,-0.24380041865050667,0.46516857538463674,3921970,30169,130,650,200,3158740,53042340,13.524412476383041,week,"PPML (Poisson FE, IRLS + alternating projections)",cell (H3 res-10) + borough x week,H3 res-7 parent (CR1-type G/(G-1)),per additional reported-open light-night (311 open status) in the band; not a physical-darkness or repair effect; under the non-differential timing-error assumption an attenuated signal of darkness,1797026,1.0868236455885814,True
merge_g14,x_0_100,-0.0002143299361644722,0.0010403007688896133,-0.20602689392726464,0.8367699036188937,-0.00225328197627744,0.001824622103948496,-0.14991846514109378,-1.5649231929016447,1.2854269627492338,3921970,30169,130,650,200,3158740,3215219,0.8197969387833155,week,"PPML (Poisson FE, IRLS + alternating projections)",cell (H3 res-10) + borough x week,H3 res-7 parent (CR1-type G/(G-1)),per additional reported-open light-night (311 open status) in the band; not a physical-darkness or repair effect; under the non-differential timing-error assumption an attenuated signal of darkness,1817536,0.9598853994088288,True
merge_g14,x_100_250,3.289134725355095e-05,0.0006078614568135373,0.05410994048869335,0.9568475724871733,-0.0011584952156910317,0.0012242779101981336,0.023026593790688835,-0.8076673490802653,0.8606772480150394,3921970,30169,130,650,200,3158740,15898091,4.053598319212028,week,"PPML (Poisson FE, IRLS + alternating projections)",cell (H3 res-10) + borough x week,H3 res-7 parent (CR1-type G/(G-1)),per additional reported-open light-night (311 open status) in the band; not a physical-darkness or repair effect; under the non-differential timing-error assumption an attenuated signal of darkness,1817536,-16.550075909227004,False
merge_g14,x_250_500,0.0001206419606489998,0.0002571365234812232,0.46917473650066444,0.6389447419040026,-0.0003833363644840356,0.0006246202857820352,0.0844850409767473,-0.2679757573605562,0.4381914634283506,3921970,30169,130,650,200,3158740,53618664,13.671360056298237,week,"PPML (Poisson FE, IRLS + alternating projections)",cell (H3 res-10) + borough x week,H3 res-7 parent (CR1-type G/(G-1)),per additional reported-open light-night (311 open status) in the band; not a physical-darkness or repair effect; under the non-differential timing-error assumption an attenuated signal of darkness,1817536,0.8344086212197096,True
deadline,x_0_100_deadline,0.0039913204151717846,0.005652359231679852,0.7061335367365857,0.4801050976419543,-0.007087100106603217,0.015069740936946786,2.8333203986449744,-4.839923890324793,11.125297672341947,3921970,30169,130,650,200,3158740,113366,0.028905371535223368,week,"PPML (Poisson FE, IRLS + alternating projections)",cell (H3 res-10) + borough x week,H3 res-7 parent (CR1-type G/(G-1)),per additional reported-open light-night (311 open status) in the band; not a physical-darkness or repair effect; under the non-differential timing-error assumption an attenuated signal of darkness,1786784,-17.875291988823214,False
deadline,x_100_250_deadline,0.002255745084958437,0.0026740470372595177,0.8435697104528964,0.39890989609550126,-0.0029852908010362536,0.0074967809709531276,1.5915539812220367,-2.068020555363349,5.3878814545373,3921970,30169,130,650,200,3158740,576611,0.14702075742547752,week,"PPML (Poisson FE, IRLS + alternating projections)",cell (H3 res-10) + borough x week,H3 res-7 parent (CR1-type G/(G-1)),per additional reported-open light-night (311 open status) in the band; not a physical-darkness or repair effect; under the non-differential timing-error assumption an attenuated signal of darkness,1786784,-1135.032630318827,False
deadline,x_250_500_deadline,-0.0007240484187766838,0.0014535562459954408,-0.4981220511909622,0.618398019003684,-0.003572966310430991,0.002124869472877623,-0.5055516573506518,-2.4700586319802422,1.4985256030725655,3921970,30169,130,650,200,3158740,1931324,0.49243721905063015,week,"PPML (Poisson FE, IRLS + alternating projections)",cell (H3 res-10) + borough x week,H3 res-7 parent (CR1-type G/(G-1)),per additional reported-open light-night (311 open status) in the band; not a physical-darkness or repair effect; under the non-differential timing-error assumption an attenuated signal of darkness,1786784,-5.007811872069177,False
deadline,x_0_100_other,-0.0003146836826843447,0.001050722070036329,-0.29949278849112254,0.7645640736208426,-0.002374061097716922,0.0017446937323482325,-0.2200361426632996,-1.6481103371699435,1.2287737582136768,3921970,30169,130,650,200,3158740,3050854,0.7778881531475254,week,"PPML (Poisson FE, IRLS + alternating projections)",cell (H3 res-10) + borough x week,H3 res-7 parent (CR1-type G/(G-1)),per additional reported-open light-night (311 open status) in the band; not a physical-darkness or repair effect; under the non-differential timing-error assumption an attenuated signal of darkness,1786784,1.4093237643159133,True
deadline,x_100_250_other,-5.2693600265435575e-05,0.0006073038185402938,-0.08676645635472721,0.9308571509873749,-0.0012429872122780598,0.0011376000117471886,-0.03687871831413564,-0.8663167110872825,0.7994990688964938,3921970,30169,130,650,200,3158740,15062606,3.840571447512347,week,"PPML (Poisson FE, IRLS + alternating projections)",cell (H3 res-10) + borough x week,H3 res-7 parent (CR1-type G/(G-1)),per additional reported-open light-night (311 open status) in the band; not a physical-darkness or repair effect; under the non-differential timing-error assumption an attenuated signal of darkness,1786784,26.51405786454287,True
deadline,x_250_500_other,0.00016384352557659605,0.0002644079245577321,0.6196619327906023,0.5354803828671431,-0.00035438648378354257,0.0006820735349367346,0.11475626257175701,-0.24776309796355317,0.478593090171911,3921970,30169,130,650,200,3158740,50821974,12.958277090339804,week,"PPML (Poisson FE, IRLS + alternating projections)",cell (H3 res-10) + borough x week,H3 res-7 parent (CR1-type G/(G-1)),per additional reported-open light-night (311 open status) in the band; not a physical-darkness or repair effect; under the non-differential timing-error assumption an attenuated signal of darkness,1786784,1.1332081270620262,True
