scope,first_day,last_day,n_days,n_arrivals,arrivals_per_day_mean,arrivals_per_day_median,arrivals_per_day_p90,arrivals_per_day_max,arrivals_per_day_min,pct_days_arrivals_gt_55,mean_load_ratio_k55,pct_days_arrivals_gt_60,mean_load_ratio_k60,pct_days_arrivals_gt_65,mean_load_ratio_k65,pct_days_arrivals_gt_70,mean_load_ratio_k70,pct_days_arrivals_gt_75,mean_load_ratio_k75,pct_days_arrivals_gt_80,mean_load_ratio_k80
all,2024-01-01,2026-06-28,910,57444,63.12527472527473,62.0,96.0,185,1,59.67032967032967,1.1477322677322679,52.85714285714286,1.052087912087912,45.934065934065934,0.9711580726965343,39.23076923076923,0.9017896389324961,30.439560439560438,0.8416703296703297,25.054945054945055,0.7890659340659341
stable,2024-01-01,2025-06-30,547,31102,56.85923217550274,58.0,86.0,118,1,53.016453382084094,1.0338042213727772,45.3382084095064,0.9476538695917124,37.6599634369287,0.8747574180846576,28.70201096892139,0.8122747453643249,19.926873857404022,0.7581230956733699,15.173674588665447,0.7107404021937842
overload,2025-07-01,2026-06-28,363,26342,72.56749311294766,73.0,109.0,185,18,69.6969696969697,1.3194089656899575,64.18732782369146,1.2094582185491276,58.40220385674931,1.1164229709684255,55.09641873278237,1.0366784730421095,46.28099173553719,0.9675665748393021,39.94490358126722,0.9070936639118458
quarter:2024Q1,2024-01-01,2024-03-31,91,5172,56.83516483516483,59.0,85.0,97,18,56.043956043956044,1.0333666333666334,49.45054945054945,0.9472527472527472,37.362637362637365,0.8743871513102282,31.868131868131865,0.8119309262166404,24.175824175824175,0.7578021978021977,15.384615384615385,0.7104395604395604
quarter:2024Q2,2024-04-01,2024-06-30,91,4525,49.72527472527472,50.0,72.0,78,17,40.65934065934066,0.904095904095904,27.472527472527474,0.8287545787545787,18.681318681318682,0.7650042265426881,13.186813186813188,0.7103610675039246,3.296703296703297,0.663003663003663,0.0,0.6215659340659341
quarter:2024Q3,2024-07-01,2024-09-30,92,5236,56.91304347826087,57.0,84.70000000000002,112,1,51.08695652173913,1.0347826086956522,43.47826086956522,0.9485507246376811,38.04347826086957,0.8755852842809364,25.0,0.8130434782608695,18.478260869565215,0.7588405797101448,14.130434782608695,0.7114130434782608
quarter:2024Q4,2024-10-01,2024-12-31,92,5706,62.02173913043478,63.5,94.9,118,17,59.78260869565217,1.1276679841897232,53.2608695652174,1.0336956521739131,48.91304347826087,0.954180602006689,38.04347826086957,0.8860248447204969,30.434782608695656,0.8269565217391304,26.08695652173913,0.7752717391304348
quarter:2025Q1,2025-01-01,2025-03-31,90,5277,58.63333333333333,60.5,87.10000000000001,118,15,57.77777777777777,1.0660606060606062,50.0,0.9772222222222222,44.44444444444444,0.902051282051282,32.22222222222222,0.8376190476190476,20.0,0.7817777777777778,16.666666666666664,0.7329166666666667
quarter:2025Q2,2025-04-01,2025-06-30,91,5186,56.989010989010985,58.0,87.0,112,18,52.74725274725275,1.0361638361638361,48.35164835164835,0.9498168498168498,38.46153846153847,0.8767540152155536,31.868131868131865,0.8141287284144426,23.076923076923077,0.7598534798534798,18.681318681318682,0.7123626373626373
quarter:2025Q3,2025-07-01,2025-09-30,92,6823,74.16304347826087,76.5,110.80000000000001,158,22,68.47826086956522,1.348418972332016,66.30434782608695,1.2360507246376813,63.04347826086957,1.140969899665552,61.95652173913043,1.059472049689441,53.2608695652174,0.9888405797101449,43.47826086956522,0.9270380434782609
quarter:2025Q4,2025-10-01,2025-12-31,92,7253,78.83695652173913,80.0,116.9,185,21,71.73913043478261,1.4333992094861658,68.47826086956522,1.3139492753623188,61.95652173913043,1.212876254180602,60.86956521739131,1.1262422360248447,57.608695652173914,1.051159420289855,50.0,0.9854619565217391
quarter:2026Q1,2026-01-01,2026-03-31,90,5972,66.35555555555555,65.0,96.30000000000003,141,21,68.88888888888889,1.2064646464646465,58.88888888888889,1.105925925925926,48.888888888888886,1.0208547008547009,44.44444444444444,0.947936507936508,32.22222222222222,0.8847407407407407,27.77777777777778,0.8294444444444444
quarter:2026Q2,2026-04-01,2026-06-28,89,6294,70.71910112359551,72.0,104.0,129,18,69.66292134831461,1.2858018386108274,62.92134831460674,1.1786516853932585,59.55056179775281,1.0879861711322385,52.80898876404494,1.0102728731942214,41.57303370786517,0.9429213483146067,38.20224719101123,0.8839887640449439
