capacity_k,regime,n_jobs,wait_mean_days,wait_median_days,wait_p90_days,wait_max_days,served_within_7d_pct,served_within_14d_pct,served_within_30d_pct,decision_days,backlog_mean,backlog_max,backlog_at_window_end,throughput_per_day,utilisation
55,all,57444,49.42019769011753,29.551388888888887,122.48034722222222,147.4013888888889,25.05222477543347,28.1369681777035,52.4336745351995,910,2438.573626373626,8041,8021,54.27582417582418,0.9868331668331668
55,stable,31102,13.766027372301886,12.485763888888888,29.389583333333334,31.706944444444446,46.27033631277732,51.96771911774163,95.02282811394765,547,703.6215722120658,1693,1629,53.79524680073126,0.978095396376932
55,overload,26342,91.51707739646866,100.60208333333333,134.44493055555557,147.4013888888889,0.0,0.0,2.1486599347050337,363,5052.9504132231405,8041,8021,55.0,1.0
60,all,57444,22.719027855147814,8.909375,63.70902777777778,79.81736111111111,43.019288350393424,62.79158832950351,68.21600167119281,910,1193.5263736263737,4731,4706,57.918681318681315,0.9653113553113553
60,stable,31102,4.681209675690738,3.7260416666666667,10.813819444444444,13.58611111111111,70.55173300752364,100.0,100.0,547,232.06215722120658,747,89,56.610603290676416,0.9435100548446069
60,overload,26342,44.01628019048583,52.80138888888889,70.86875,79.81736111111111,10.511730316604663,18.85961582264065,30.688634120416065,363,2642.34435261708,4731,4706,59.88980716253444,0.9981634527089073
65,all,57444,13.46793113486371,2.642361111111111,38.70097222222223,46.81597222222222,62.41556994638257,65.41675370795905,71.98837128333682,910,739.4813186813187,2970,2940,59.85934065934066,0.9209129332206255
65,stable,31102,1.4613524317835938,0.9118055555555555,3.6659722222222224,6.384027777777778,100.0,100.0,100.0,547,49.15173674588665,334,0,56.773308957952466,0.873435522430038
65,overload,26342,27.64409888306802,34.84791666666667,40.925694444444446,46.81597222222222,18.0396325260041,24.58431402323286,38.915040619542935,363,1779.7300275482094,2970,2940,64.50964187327824,0.9924560288196652
70,all,57444,7.0571484595625495,1.4166666666666667,20.499097222222225,24.80763888888889,64.73434997562843,69.06030220736717,100.0,910,395.96923076923076,1661,1233,61.73516483516484,0.8819309262166405
70,stable,31102,0.8208148457762631,0.7472222222222222,1.479861111111111,2.857638888888889,100.0,100.0,100.0,547,12.731261425959781,129,0,56.773308957952466,0.8110472708278924
70,overload,26342,14.420387699406946,16.634722222222223,22.982569444444447,24.80763888888889,23.096196188596156,32.529800318882394,100.0,363,973.465564738292,1661,1233,69.21212121212122,0.9887445887445887
75,all,57444,2.755567789692763,0.8993055555555556,10.58125,15.95486111111111,85.46236334517094,96.72202492862614,100.0,910,136.25714285714287,1119,81,63.0010989010989,0.840014652014652
75,stable,31102,0.7110791374616852,0.6777777777777778,1.0652777777777778,2.2909722222222224,100.0,100.0,100.0,547,6.491773308957953,83,0,56.773308957952466,0.7569774527726996
75,overload,26342,5.169495587949957,2.495833333333333,13.579166666666667,15.95486111111111,68.29777541568598,92.85171968719156,100.0,363,331.79889807162533,1119,81,72.38567493112947,0.9651423324150596
80,all,57444,1.6014176608716506,0.7923611111111111,4.747916666666667,10.524305555555555,93.67906134670288,100.0,100.0,910,63.44285714285714,749,0,63.09010989010989,0.7886263736263737
80,stable,31102,0.6591853685722248,0.6486111111111111,0.9547916666666677,1.823611111111111,100.0,100.0,100.0,547,3.541133455210238,63,0,56.773308957952466,0.7096663619744058
80,overload,26342,2.713911349851103,1.4159722222222222,7.756944444444445,10.524305555555555,86.21592893478096,100.0,100.0,363,153.70798898071627,749,0,72.60881542699724,0.9076101928374656
