capacity_k,regime,target,threshold_days,required_pct,achieved_pct,meets_target
55,all,T7_95,7,95.0,25.05222477543347,False
55,all,T14_99,14,99.0,28.1369681777035,False
55,all,T30_99,30,99.0,52.4336745351995,False
55,stable,T7_95,7,95.0,46.27033631277732,False
55,stable,T14_99,14,99.0,51.96771911774163,False
55,stable,T30_99,30,99.0,95.02282811394765,False
55,overload,T7_95,7,95.0,0.0,False
55,overload,T14_99,14,99.0,0.0,False
55,overload,T30_99,30,99.0,2.1486599347050337,False
60,all,T7_95,7,95.0,43.019288350393424,False
60,all,T14_99,14,99.0,62.79158832950351,False
60,all,T30_99,30,99.0,68.21600167119281,False
60,stable,T7_95,7,95.0,70.55173300752364,False
60,stable,T14_99,14,99.0,100.0,True
60,stable,T30_99,30,99.0,100.0,True
60,overload,T7_95,7,95.0,10.511730316604663,False
60,overload,T14_99,14,99.0,18.85961582264065,False
60,overload,T30_99,30,99.0,30.688634120416065,False
65,all,T7_95,7,95.0,62.41556994638257,False
65,all,T14_99,14,99.0,65.41675370795905,False
65,all,T30_99,30,99.0,71.98837128333682,False
65,stable,T7_95,7,95.0,100.0,True
65,stable,T14_99,14,99.0,100.0,True
65,stable,T30_99,30,99.0,100.0,True
65,overload,T7_95,7,95.0,18.0396325260041,False
65,overload,T14_99,14,99.0,24.58431402323286,False
65,overload,T30_99,30,99.0,38.915040619542935,False
70,all,T7_95,7,95.0,64.73434997562843,False
70,all,T14_99,14,99.0,69.06030220736717,False
70,all,T30_99,30,99.0,100.0,True
70,stable,T7_95,7,95.0,100.0,True
70,stable,T14_99,14,99.0,100.0,True
70,stable,T30_99,30,99.0,100.0,True
70,overload,T7_95,7,95.0,23.096196188596156,False
70,overload,T14_99,14,99.0,32.529800318882394,False
70,overload,T30_99,30,99.0,100.0,True
75,all,T7_95,7,95.0,85.46236334517094,False
75,all,T14_99,14,99.0,96.72202492862614,False
75,all,T30_99,30,99.0,100.0,True
75,stable,T7_95,7,95.0,100.0,True
75,stable,T14_99,14,99.0,100.0,True
75,stable,T30_99,30,99.0,100.0,True
75,overload,T7_95,7,95.0,68.29777541568598,False
75,overload,T14_99,14,99.0,92.85171968719156,False
75,overload,T30_99,30,99.0,100.0,True
80,all,T7_95,7,95.0,93.67906134670288,False
80,all,T14_99,14,99.0,100.0,True
80,all,T30_99,30,99.0,100.0,True
80,stable,T7_95,7,95.0,100.0,True
80,stable,T14_99,14,99.0,100.0,True
80,stable,T30_99,30,99.0,100.0,True
80,overload,T7_95,7,95.0,86.21592893478096,False
80,overload,T14_99,14,99.0,100.0,True
80,overload,T30_99,30,99.0,100.0,True
