city,ward_id,latitude,longitude,sigma_km,hotspot_weight,dist_center_km,pop_density_per_km2,area_km2,population,income_index,vulnerable_pop_share,rainfall_mm_year,elevation_m,slope_pct,dist_main_road_km,dist_depot_km,pole_age_years,area_class
Bengaluru,BLR-W01,13.034356,77.562473,0.578,0.0349,7.77,5233.0,2.37,12402,74.9,0.093,966.0,937.0,2.03,0.83,7.77,7.3,Urban
Bengaluru,BLR-W02,12.985888,77.59338,0.672,0.04841,1.59,8919.0,3.2,28541,77.4,0.084,915.0,906.0,1.81,0.77,1.59,10.7,Urban core
Bengaluru,BLR-W03,12.943556,77.654342,0.751,0.04231,7.18,5510.0,3.99,21985,75.6,0.072,1020.0,945.0,1.55,0.02,7.18,10.1,Urban
Bengaluru,BLR-W04,12.98196,77.573538,1.199,0.00857,2.56,4115.0,10.15,41767,76.3,0.05,964.0,937.0,2.75,1.21,2.56,7.6,Urban
Bengaluru,BLR-W05,12.976216,77.623111,0.538,0.01648,3.13,4151.0,2.05,8510,59.4,0.121,987.0,898.0,2.57,0.98,3.13,8.3,Urban
Bengaluru,BLR-W06,12.997633,77.537837,1.199,0.01949,6.8,5529.0,10.16,56175,69.6,0.14,1010.0,948.0,3.33,1.29,6.8,7.9,Urban
Bengaluru,BLR-W07,13.013161,77.442414,1.062,0.05759,17.14,1901.0,7.98,15170,69.4,0.098,939.0,891.0,1.08,0.43,17.14,5.1,Peri-urban
Bengaluru,BLR-W08,12.959054,77.597572,0.602,0.02655,1.42,14454.0,2.57,37147,57.4,0.179,927.0,940.0,2.56,0.39,1.42,6.1,Urban core
Bengaluru,BLR-W09,13.030962,77.65773,1.021,0.00234,9.49,920.0,7.37,6780,85.7,0.062,953.0,990.0,3.21,1.4,9.49,3.0,Peri-urban
Bengaluru,BLR-W10,12.977983,77.592773,0.633,0.01455,0.73,6960.0,2.83,19697,72.7,0.082,944.0,940.0,1.88,1.0,0.73,5.6,Urban core
Bengaluru,BLR-W11,12.970506,77.587669,1.129,0.00526,0.76,3369.0,9.01,30355,83.6,0.155,987.0,886.0,1.82,0.05,0.76,4.3,Peri-urban
Bengaluru,BLR-W12,12.854074,77.489203,0.773,0.0566,17.31,3720.0,4.22,15698,78.2,0.083,912.0,888.0,2.9,0.91,17.31,5.9,Urban
Bengaluru,BLR-W13,12.974199,77.592002,1.156,0.09139,0.4,30829.0,9.44,291026,62.1,0.187,1008.0,922.0,2.08,0.08,0.4,12.6,Urban core
Bengaluru,BLR-W14,12.974681,77.594831,0.645,0.00426,0.34,4051.0,2.94,11910,63.8,0.092,963.0,892.0,2.05,1.04,0.34,6.7,Urban
Bengaluru,BLR-W15,12.970721,77.609417,1.055,0.02291,1.61,11395.0,7.86,89565,61.4,0.11,924.0,895.0,1.09,0.33,1.61,9.4,Urban core
Bengaluru,BLR-W16,12.966158,77.615589,0.892,0.00625,2.36,4648.0,5.63,26168,66.4,0.144,976.0,867.0,1.87,1.03,2.36,5.1,Urban
Bengaluru,BLR-W17,13.069103,77.647105,0.71,0.00645,12.19,1278.0,3.56,4550,82.3,0.073,936.0,888.0,3.04,0.85,12.19,3.0,Peri-urban
Bengaluru,BLR-W18,12.914744,77.636291,0.933,0.02629,7.74,3916.0,6.16,24123,72.4,0.148,972.0,935.0,1.06,0.49,7.74,7.7,Urban
Bengaluru,BLR-W19,13.011061,77.64151,0.908,0.01284,6.7,3545.0,5.83,20667,72.1,0.108,967.0,929.0,1.97,0.31,6.7,5.6,Urban
Bengaluru,BLR-W20,13.074909,77.533611,1.302,0.04976,13.2,3208.0,11.98,38432,88.1,0.093,1017.0,928.0,2.04,0.72,13.2,5.5,Peri-urban
Bengaluru,BLR-W21,12.945624,77.655614,1.111,0.01005,7.22,1293.0,8.73,11288,76.9,0.108,955.0,925.0,4.62,0.17,7.22,5.4,Peri-urban
Bengaluru,BLR-W22,12.972637,77.617449,1.366,0.00654,2.48,5095.0,13.19,67203,81.2,0.05,987.0,921.0,1.79,0.19,2.48,3.6,Urban
Bengaluru,BLR-W23,13.017635,77.615927,0.904,0.07079,5.59,12121.0,5.77,69938,58.6,0.147,912.0,928.0,1.32,0.58,5.59,10.4,Urban core
Bengaluru,BLR-W24,12.966008,77.578066,0.93,0.07194,1.9,10349.0,6.11,63232,69.5,0.093,954.0,957.0,1.1,0.48,1.9,12.1,Urban core
Bengaluru,BLR-W25,12.998647,77.571038,1.468,0.00654,3.93,1934.0,15.23,29455,68.1,0.14,948.0,923.0,3.11,1.35,3.93,7.5,Peri-urban
Bengaluru,BLR-W26,12.988634,77.55519,0.987,0.02323,4.67,6585.0,6.88,45305,72.7,0.072,928.0,909.0,2.37,1.26,4.67,7.2,Urban core
Bengaluru,BLR-W27,12.973733,77.581558,0.795,0.01589,1.43,8416.0,4.47,37620,78.8,0.097,925.0,954.0,0.87,0.52,1.43,7.3,Urban core
Bengaluru,BLR-W28,12.943683,77.581985,1.081,0.01588,3.38,4557.0,8.26,37641,66.0,0.076,1025.0,883.0,2.17,0.5,3.38,9.4,Urban
Bengaluru,BLR-W29,12.981338,77.49487,0.83,0.01228,10.87,1780.0,4.86,8651,58.6,0.174,1001.0,919.0,4.0,1.11,10.87,4.6,Peri-urban
Bengaluru,BLR-W30,13.02515,77.523132,0.815,0.01679,9.76,3801.0,4.7,17865,70.0,0.118,951.0,970.0,1.4,2.74,9.76,4.5,Urban
Bengaluru,BLR-W31,12.972104,77.588283,1.08,0.00779,0.69,5909.0,8.24,48690,85.2,0.089,1014.0,902.0,1.77,1.41,0.69,4.5,Urban
Bengaluru,BLR-W32,12.949168,77.601994,0.557,0.02278,2.61,9172.0,2.19,20087,62.6,0.123,998.0,900.0,2.33,0.74,2.61,8.2,Urban core
Bengaluru,BLR-W33,12.985762,77.580046,0.867,0.01881,2.22,10866.0,5.31,57698,78.9,0.079,1011.0,952.0,3.82,0.19,2.22,9.2,Urban core
Bengaluru,BLR-W34,12.934505,77.535373,1.04,0.03063,7.62,3889.0,7.65,29751,89.5,0.05,931.0,961.0,2.89,1.03,7.62,5.9,Urban
Bengaluru,BLR-W35,12.975617,77.576316,1.084,0.0176,2.03,9688.0,8.31,80507,69.1,0.146,1007.0,916.0,3.44,3.38,2.03,9.7,Urban core
Bengaluru,BLR-W36,12.993486,77.618097,0.561,0.0117,3.51,5135.0,2.23,11451,70.9,0.15,991.0,949.0,1.79,0.14,3.51,5.2,Urban
Bengaluru,BLR-W37,12.997015,77.588237,1.429,0.00513,2.89,2855.0,14.44,41226,79.3,0.062,997.0,883.0,1.23,0.8,2.89,4.7,Peri-urban
Bengaluru,BLR-W38,13.048,77.513133,0.646,0.01389,12.23,1660.0,2.95,4897,84.7,0.083,917.0,901.0,1.86,0.62,12.23,6.0,Peri-urban
Bengaluru,BLR-W39,12.988594,77.628339,1.08,0.05298,4.11,12076.0,8.24,99506,70.2,0.085,1018.0,943.0,2.07,1.3,4.11,7.7,Urban core
Bengaluru,BLR-W40,12.963141,77.594292,0.638,0.01558,0.94,10963.0,2.88,31573,87.6,0.074,976.0,927.0,1.62,2.76,0.94,6.9,Urban core
Mysuru,MYS-W01,12.31799,76.707157,0.405,0.06081,5.84,3129.0,1.16,3630,62.3,0.164,774.0,796.0,1.76,0.12,5.84,6.9,Peri-urban
Mysuru,MYS-W02,12.304189,76.665859,0.463,0.09374,1.17,11619.0,1.52,17661,64.0,0.108,814.0,758.0,1.38,0.81,1.17,13.8,Urban core
Mysuru,MYS-W03,12.260502,76.658255,0.396,0.10051,4.94,5568.0,1.11,6180,56.1,0.163,816.0,759.0,1.87,2.46,4.94,11.0,Urban
Mysuru,MYS-W04,12.339862,76.635528,0.865,0.05936,4.39,3767.0,5.29,19927,72.4,0.112,755.0,783.0,1.8,0.55,4.39,7.1,Urban
Mysuru,MYS-W05,12.313608,76.665658,0.85,0.01652,1.48,3256.0,5.1,16606,51.4,0.149,837.0,762.0,0.65,0.53,1.48,7.9,Peri-urban
Mysuru,MYS-W06,12.333849,76.692663,0.767,0.01322,5.18,1505.0,4.16,6261,64.2,0.086,806.0,774.0,0.99,0.4,5.18,3.1,Peri-urban
Mysuru,MYS-W07,12.301015,76.649755,0.89,0.03343,0.74,5546.0,5.6,31058,61.2,0.157,822.0,785.0,2.91,0.41,0.74,10.4,Urban
Mysuru,MYS-W08,12.313576,76.665263,0.408,0.03573,1.45,8259.0,1.18,9746,56.8,0.138,835.0,774.0,1.55,0.37,1.45,10.1,Urban core
Mysuru,MYS-W09,12.311595,76.686133,0.544,0.08858,3.45,11241.0,2.1,23606,49.4,0.156,795.0,784.0,1.27,2.71,3.45,9.0,Urban core
Mysuru,MYS-W10,12.348078,76.657077,0.433,0.09267,4.76,3822.0,1.32,5045,60.7,0.163,759.0,783.0,1.06,0.98,4.76,11.2,Urban
Mysuru,MYS-W11,12.310844,76.659867,0.797,0.01116,0.82,2327.0,4.49,10448,57.7,0.082,754.0,819.0,1.13,1.21,0.82,7.0,Peri-urban
Mysuru,MYS-W12,12.289675,76.646466,0.901,0.03575,1.95,6650.0,5.74,38171,62.1,0.146,826.0,744.0,1.52,0.39,1.95,10.3,Urban core
Mysuru,MYS-W13,12.280996,76.656005,0.47,0.02782,2.67,4671.0,1.56,7287,45.6,0.204,772.0,777.0,0.79,1.47,2.67,9.6,Urban
Mysuru,MYS-W14,12.306382,76.656739,0.704,0.0316,0.23,9417.0,3.5,32960,51.7,0.189,767.0,742.0,0.94,0.27,0.23,11.2,Urban core
Mysuru,MYS-W15,12.259036,76.663044,0.444,0.04657,5.17,4252.0,1.39,5910,62.0,0.083,791.0,747.0,3.19,0.6,5.17,4.5,Urban
Mysuru,MYS-W16,12.312805,76.635887,1.039,0.0914,2.26,7868.0,7.63,60033,60.2,0.151,836.0,799.0,1.22,0.49,2.26,10.2,Urban core
Mysuru,MYS-W17,12.328441,76.636721,0.966,0.03324,3.26,3277.0,6.59,21595,56.5,0.137,812.0,746.0,1.82,0.11,3.26,7.2,Peri-urban
Mysuru,MYS-W18,12.295497,76.665682,0.377,0.06895,1.57,9916.0,1.0,9916,56.9,0.115,785.0,765.0,2.02,0.59,1.57,12.4,Urban core
Mysuru,MYS-W19,12.305355,76.655025,0.372,0.03284,0.03,6635.0,0.98,6502,52.3,0.127,832.0,745.0,1.69,0.42,0.03,11.8,Urban core
Mysuru,MYS-W20,12.325899,76.631079,0.418,0.02612,3.48,2950.0,1.24,3658,73.9,0.087,822.0,735.0,1.16,0.33,3.48,7.7,Peri-urban
Mangaluru,MNG-W01,12.893827,74.849497,0.831,0.13225,1.18,13845.0,4.88,67564,58.1,0.183,3396.0,5.0,2.34,0.76,1.18,12.6,Urban core
Mangaluru,MNG-W02,12.890299,74.850244,0.773,0.01923,0.83,6751.0,4.23,28557,77.8,0.064,3563.0,10.0,2.65,1.31,0.83,7.4,Urban core
Mangaluru,MNG-W03,12.905196,74.881442,0.806,0.05017,3.53,4167.0,4.59,19127,63.2,0.168,3312.0,5.0,6.03,1.46,3.53,10.0,Urban
Mangaluru,MNG-W04,12.877128,74.863489,0.552,0.03138,1.22,5008.0,2.15,10767,66.6,0.104,3678.0,14.0,6.05,1.0,1.22,9.7,Urban
Mangaluru,MNG-W05,12.883903,74.857136,0.932,0.03125,0.2,8793.0,6.14,53989,58.1,0.096,3696.0,25.0,3.46,0.33,0.2,11.1,Urban core
Mangaluru,MNG-W06,12.878619,74.882152,0.865,0.03803,2.93,4336.0,5.29,22937,64.7,0.103,3538.0,22.0,3.86,1.88,2.93,7.4,Urban
Mangaluru,MNG-W07,12.87172,74.851701,0.376,0.15546,1.57,17911.0,1.0,17911,48.4,0.169,3415.0,23.0,3.92,0.05,1.57,15.2,Urban core
Mangaluru,MNG-W08,12.883516,74.856602,0.903,0.00948,0.21,2153.0,5.76,12401,55.1,0.135,3706.0,5.0,3.45,0.98,0.21,8.0,Peri-urban
Mangaluru,MNG-W09,12.88776,74.856947,0.957,0.05729,0.29,12845.0,6.48,83236,54.3,0.144,3534.0,27.0,2.78,0.77,0.29,10.8,Urban core
Mangaluru,MNG-W10,12.882251,74.852496,0.413,0.02568,0.51,8670.0,1.2,10404,61.7,0.13,3323.0,5.0,4.6,0.34,0.51,8.0,Urban core
Mangaluru,MNG-W11,12.891237,74.85062,0.499,0.09119,0.88,11561.0,1.76,20347,50.9,0.135,3708.0,23.0,3.36,0.84,0.88,12.0,Urban core
Mangaluru,MNG-W12,12.86277,74.873734,0.86,0.07188,3.15,6076.0,5.23,31777,60.5,0.143,3547.0,20.0,6.29,0.18,3.15,10.4,Urban core
Mangaluru,MNG-W13,12.923466,74.873227,0.505,0.0272,4.62,2347.0,1.8,4225,73.3,0.177,3305.0,39.0,5.42,1.96,4.62,6.7,Peri-urban
Mangaluru,MNG-W14,12.876483,74.842899,0.785,0.11946,1.72,9885.0,4.35,43000,51.6,0.107,3583.0,13.0,4.07,1.49,1.72,12.4,Urban core
Mangaluru,MNG-W15,12.885302,74.8558,0.604,0.04021,0.02,9485.0,2.58,24471,68.5,0.111,3355.0,6.0,5.9,1.5,0.02,12.0,Urban core
Mangaluru,MNG-W16,12.891143,74.846906,0.633,0.09983,1.18,17262.0,2.83,48851,62.2,0.181,3550.0,5.0,3.22,0.12,1.18,12.8,Urban core
Hubballi,HBL-W01,15.394328,75.140715,0.499,0.07803,4.38,3801.0,1.76,6690,58.7,0.138,772.0,610.0,0.75,1.41,4.38,8.8,Urban
Hubballi,HBL-W02,15.35179,75.137014,0.445,0.0536,0.37,12241.0,1.4,17137,54.6,0.184,743.0,657.0,1.66,0.16,0.37,10.6,Urban core
Hubballi,HBL-W03,15.374682,75.139942,0.844,0.026,2.22,3232.0,5.04,16289,46.1,0.138,738.0,703.0,1.53,3.89,2.22,8.8,Peri-urban
Hubballi,HBL-W04,15.340637,75.141474,0.434,0.04281,1.69,6693.0,1.33,8902,48.8,0.191,770.0,658.0,2.77,0.06,1.69,7.5,Urban core
Hubballi,HBL-W05,15.400261,75.143203,0.635,0.02265,5.06,2010.0,2.85,5728,50.0,0.211,796.0,639.0,0.95,0.76,5.06,3.1,Peri-urban
Hubballi,HBL-W06,15.358898,75.111577,0.465,0.0419,2.66,3955.0,1.53,6051,36.5,0.225,759.0,639.0,1.05,1.48,2.66,7.4,Urban
Hubballi,HBL-W07,15.352197,75.137618,0.33,0.02435,0.36,6209.0,0.77,4781,56.5,0.2,798.0,663.0,2.16,1.5,0.36,9.1,Urban core
Hubballi,HBL-W08,15.347682,75.131892,0.527,0.02646,0.92,5245.0,1.96,10280,45.8,0.18,758.0,609.0,1.03,0.28,0.92,8.0,Urban
Hubballi,HBL-W09,15.35488,75.119967,0.899,0.32745,1.72,20376.0,5.71,116347,28.9,0.219,786.0,640.0,1.06,0.05,1.72,15.6,Urban core
Hubballi,HBL-W10,15.354002,75.13466,0.701,0.05697,0.18,11952.0,3.47,41473,35.5,0.237,790.0,657.0,0.8,0.24,0.18,14.2,Urban core
Hubballi,HBL-W11,15.357741,75.158173,0.91,0.08215,2.4,7544.0,5.85,44132,35.9,0.22,802.0,624.0,1.43,0.08,2.4,14.1,Urban core
Hubballi,HBL-W12,15.351419,75.133444,0.981,0.04522,0.48,7303.0,6.8,49660,42.9,0.189,826.0,674.0,2.11,0.29,0.48,13.7,Urban core
Hubballi,HBL-W13,15.347692,75.134578,0.471,0.0176,0.82,3172.0,1.57,4980,43.7,0.198,761.0,670.0,0.63,0.68,0.82,8.5,Peri-urban
Hubballi,HBL-W14,15.355135,75.151569,0.461,0.03369,1.67,7031.0,1.5,10546,39.5,0.216,752.0,681.0,1.57,0.48,1.67,9.6,Urban core
Hubballi,HBL-W15,15.362164,75.143343,0.958,0.09401,1.12,7577.0,6.49,49175,34.3,0.197,741.0,691.0,1.25,0.83,1.12,12.9,Urban core
Hubballi,HBL-W16,15.415031,75.176,0.976,0.02711,7.91,910.0,6.73,6124,58.4,0.132,802.0,680.0,2.61,0.86,7.91,3.0,Peri-urban
Belagavi,BGM-W01,15.839818,74.498037,0.981,0.03995,2.2,4359.0,6.81,29685,48.4,0.182,1198.0,740.0,5.46,0.11,2.2,8.5,Urban
Belagavi,BGM-W02,15.864057,74.487627,0.85,0.0425,2.56,3725.0,5.11,19035,45.4,0.24,1281.0,775.0,1.31,1.2,2.56,8.4,Urban
Belagavi,BGM-W03,15.85805,74.49236,0.836,0.03929,1.9,3773.0,4.94,18639,43.0,0.208,1190.0,755.0,4.7,0.73,1.9,7.3,Urban
Belagavi,BGM-W04,15.847373,74.511093,0.632,0.15622,0.96,23409.0,2.83,66247,36.4,0.211,1184.0,823.0,2.15,0.29,0.96,13.6,Urban core
Belagavi,BGM-W05,15.85566,74.51742,0.346,0.07229,0.8,5467.0,0.84,4592,39.4,0.243,1248.0,767.0,3.3,0.02,0.8,13.0,Urban
Belagavi,BGM-W06,15.807184,74.555002,0.932,0.05745,7.24,1345.0,6.14,8258,58.1,0.202,1224.0,787.0,4.58,0.69,7.24,7.1,Peri-urban
Belagavi,BGM-W07,15.85416,74.511095,0.807,0.01517,0.23,2021.0,4.6,9297,34.7,0.178,1306.0,775.0,2.22,0.8,0.23,8.3,Peri-urban
Belagavi,BGM-W08,15.869844,74.516665,0.92,0.02653,1.69,2744.0,5.99,16437,50.5,0.168,1254.0,796.0,2.22,3.44,1.69,6.2,Peri-urban
Belagavi,BGM-W09,15.818673,74.479402,0.693,0.03317,5.27,1457.0,3.4,4954,37.4,0.254,1190.0,714.0,7.14,1.08,5.27,5.6,Peri-urban
Belagavi,BGM-W10,15.884488,74.501513,0.389,0.11352,3.28,4402.0,1.07,4710,30.4,0.233,1180.0,774.0,3.83,0.1,3.28,9.7,Urban
Belagavi,BGM-W11,15.85912,74.507898,0.598,0.01694,0.41,3364.0,2.53,8511,53.3,0.197,1243.0,725.0,2.15,0.05,0.41,6.5,Peri-urban
Belagavi,BGM-W12,15.845071,74.490269,0.874,0.07575,2.43,5725.0,5.4,30915,54.4,0.141,1192.0,732.0,1.87,0.99,2.43,10.3,Urban
Belagavi,BGM-W13,15.854212,74.514385,0.521,0.01046,0.51,2001.0,1.92,3842,35.1,0.249,1201.0,800.0,1.98,2.6,0.51,8.8,Peri-urban
Belagavi,BGM-W14,15.846542,74.552928,0.324,0.27407,4.71,8153.0,0.74,6033,40.0,0.206,1316.0,746.0,6.17,1.84,4.71,13.3,Urban core
Belagavi,BGM-W15,15.864012,74.473745,0.856,0.02669,3.98,2989.0,5.17,15453,52.4,0.087,1182.0,756.0,2.52,2.28,3.98,6.7,Peri-urban
Shivamogga,SMG-W01,13.909546,75.553089,0.563,0.01603,2.77,1239.0,2.24,2775,52.3,0.146,1860.0,592.0,3.78,0.02,2.77,4.6,Peri-urban
Shivamogga,SMG-W02,13.899039,75.554704,0.715,0.14262,3.71,4205.0,3.61,15180,45.8,0.202,1872.0,578.0,1.97,0.3,3.71,10.3,Urban
Shivamogga,SMG-W03,13.922465,75.572985,0.572,0.10108,0.98,8683.0,2.31,20058,35.6,0.202,2013.0,571.0,4.17,1.08,0.98,12.8,Urban core
Shivamogga,SMG-W04,13.908825,75.580488,0.307,0.03445,2.69,1514.0,0.66,999,49.8,0.168,1809.0,569.0,5.62,0.31,2.69,6.7,Peri-urban
Shivamogga,SMG-W05,13.92168,75.5552,0.866,0.13228,1.66,6944.0,5.3,36803,34.8,0.269,1851.0,571.0,3.7,1.42,1.66,10.7,Urban core
Shivamogga,SMG-W06,13.926477,75.557168,0.387,0.03867,1.24,3267.0,1.06,3463,38.3,0.244,1939.0,559.0,5.0,3.26,1.24,12.7,Peri-urban
Shivamogga,SMG-W07,13.923997,75.556681,0.558,0.13972,1.4,5730.0,2.2,12606,39.2,0.2,1806.0,610.0,4.24,0.11,1.4,11.7,Urban
Shivamogga,SMG-W08,13.951284,75.556584,0.872,0.08847,2.67,4586.0,5.37,24627,32.6,0.261,1829.0,537.0,4.01,0.61,2.67,11.7,Urban
Shivamogga,SMG-W09,13.910187,75.559175,0.676,0.12472,2.38,6909.0,3.23,22316,38.4,0.249,1899.0,593.0,3.22,1.52,2.38,8.9,Urban core
Shivamogga,SMG-W10,13.923932,75.549342,0.613,0.07941,2.13,4525.0,2.66,12036,42.4,0.209,1971.0,573.0,3.77,1.16,2.13,10.1,Urban
Shivamogga,SMG-W11,13.920337,75.567944,0.293,0.06124,1.06,7895.0,0.61,4816,43.6,0.206,1795.0,535.0,4.19,0.61,1.06,10.8,Urban core
Shivamogga,SMG-W12,13.923748,75.547916,0.785,0.04131,2.28,2779.0,4.35,12089,36.4,0.258,1909.0,598.0,5.01,0.27,2.28,7.6,Peri-urban
Tumakuru,TMK-W01,13.354708,77.071638,0.638,0.06732,3.96,2451.0,2.88,7059,42.3,0.207,668.0,808.0,1.83,0.14,3.96,5.5,Peri-urban
Tumakuru,TMK-W02,13.340637,77.104501,0.569,0.04589,0.09,5183.0,2.29,11869,30.7,0.249,737.0,765.0,1.38,0.06,0.09,9.9,Urban
Tumakuru,TMK-W03,13.339083,77.089404,0.437,0.03993,1.69,4851.0,1.35,6549,39.2,0.215,696.0,831.0,2.35,0.17,1.69,13.0,Urban
Tumakuru,TMK-W04,13.349221,77.100261,0.876,0.10114,1.14,6360.0,5.42,34471,43.1,0.175,670.0,832.0,0.94,0.9,1.14,15.4,Urban core
Tumakuru,TMK-W05,13.325322,77.113532,0.859,0.15356,1.87,11615.0,5.21,60514,22.7,0.305,725.0,809.0,1.59,0.66,1.87,13.5,Urban core
Tumakuru,TMK-W06,13.330896,77.100708,0.759,0.08865,1.11,5295.0,4.07,21551,28.1,0.207,712.0,819.0,1.33,0.11,1.11,10.8,Urban
Tumakuru,TMK-W07,13.339358,77.10365,0.452,0.09798,0.16,10378.0,1.45,15048,47.0,0.14,731.0,816.0,1.25,0.02,0.16,15.3,Urban core
Tumakuru,TMK-W08,13.335504,77.108132,0.617,0.02947,0.6,2016.0,2.69,5423,47.7,0.158,731.0,799.0,1.39,0.37,0.6,9.5,Peri-urban
Tumakuru,TMK-W09,13.335438,77.083362,0.751,0.06314,2.4,5227.0,3.98,20803,56.6,0.137,681.0,819.0,1.42,0.73,2.4,9.2,Urban
Tumakuru,TMK-W10,13.340259,77.129026,0.664,0.06187,2.6,4007.0,3.12,12502,44.4,0.149,706.0,834.0,1.9,0.04,2.6,9.4,Urban
Tumakuru,TMK-W11,13.340308,77.105375,0.366,0.03345,0.05,4152.0,0.95,3944,40.8,0.193,678.0,801.0,1.24,0.05,0.05,11.5,Urban
Tumakuru,TMK-W12,13.340198,77.108607,0.29,0.21759,0.39,20575.0,0.59,12139,35.5,0.211,689.0,850.0,1.22,0.08,0.39,16.5,Urban core
