borough,ym,n,observed,mean_pred
BRONX,2024-03,218,0.5275229357798165,0.6795276
BRONX,2024-04,256,0.01953125,0.3602242
BRONX,2024-05,234,0.05128205128205128,0.40420926
BRONX,2024-06,167,0.059880239520958084,0.40317628
BRONX,2024-07,210,0.05238095238095238,0.42939946
BRONX,2024-08,197,0.03553299492385787,0.44149688
BRONX,2024-09,200,0.015,0.47958583
BRONX,2024-10,308,0.048701298701298704,0.3994583
BRONX,2024-11,363,0.0743801652892562,0.35129562
BRONX,2024-12,444,0.42567567567567566,0.34436938
BRONX,2025-01,355,0.828169014084507,0.55746835
BRONX,2025-02,236,0.826271186440678,0.65459466
BRONX,2025-03,320,0.8625,0.6422326
BRONX,2025-04,284,0.7746478873239436,0.6221331
BRONX,2025-05,271,0.8450184501845018,0.61581165
BRONX,2025-06,279,0.8637992831541219,0.5935277
BRONX,2025-07,171,0.8128654970760234,0.6336993
BRONX,2025-08,240,0.4666666666666667,0.63329923
BRONX,2025-09,254,0.2637795275590551,0.42361605
BRONX,2025-10,236,0.0423728813559322,0.37936664
BRONX,2025-11,292,0.3116438356164384,0.3893566
BRONX,2025-12,391,0.8209718670076727,0.60509074
BRONX,2026-01,415,0.8168674698795181,0.62475985
BRONX,2026-02,367,0.8501362397820164,0.7160007
BRONX,2026-03,299,0.8060200668896321,0.7596875
BRONX,2026-04,249,0.8393574297188755,0.7102002
BRONX,2026-05,235,0.8553191489361702,0.72950965
BRONX,2026-06,199,0.8090452261306532,0.7080542
BRONX,2026-07,205,0.775609756097561,0.7224357
BRONX,2026-08,232,0.7931034482758621,0.7391751
BRONX,2026-09,245,0.763265306122449,0.72513634
BROOKLYN,2024-03,467,0.7987152034261242,0.55844927
BROOKLYN,2024-04,310,0.8483870967741935,0.538746
BROOKLYN,2024-05,441,0.8435374149659864,0.5248087
BROOKLYN,2024-06,375,0.832,0.5840797
BROOKLYN,2024-07,296,0.8108108108108109,0.5980139
BROOKLYN,2024-08,372,0.22043010752688172,0.51242316
BROOKLYN,2024-09,374,0.05614973262032086,0.3468091
BROOKLYN,2024-10,374,0.040106951871657755,0.40271905
BROOKLYN,2024-11,412,0.0412621359223301,0.40376338
BROOKLYN,2024-12,608,0.15789473684210525,0.3878021
BROOKLYN,2025-01,575,0.10434782608695652,0.25349483
BROOKLYN,2025-02,607,0.2471169686985173,0.28949204
BROOKLYN,2025-03,541,0.33826247689463956,0.34548452
BROOKLYN,2025-04,447,0.5279642058165548,0.3195422
BROOKLYN,2025-05,452,0.06637168141592921,0.28806946
BROOKLYN,2025-06,336,0.041666666666666664,0.3840195
BROOKLYN,2025-07,378,0.042328042328042326,0.4245052
BROOKLYN,2025-08,327,0.01529051987767584,0.44654557
BROOKLYN,2025-09,446,0.06950672645739911,0.37556222
BROOKLYN,2025-10,530,0.10566037735849057,0.3285984
BROOKLYN,2025-11,577,0.12824956672443674,0.34442675
BROOKLYN,2025-12,706,0.7648725212464589,0.520228
BROOKLYN,2026-01,743,0.8263795423956931,0.67124623
BROOKLYN,2026-02,562,0.8309608540925267,0.60681874
BROOKLYN,2026-03,615,0.8406504065040651,0.6657002
BROOKLYN,2026-04,438,0.8333333333333334,0.59452724
BROOKLYN,2026-05,531,0.8531073446327684,0.5902595
BROOKLYN,2026-06,342,0.827485380116959,0.62515336
BROOKLYN,2026-07,242,0.8305785123966942,0.70429343
BROOKLYN,2026-08,434,0.8525345622119815,0.76315147
BROOKLYN,2026-09,448,0.8258928571428571,0.70355034
MANHATTAN,2024-03,378,0.08465608465608465,0.2997644
MANHATTAN,2024-04,317,0.0473186119873817,0.30485302
MANHATTAN,2024-05,292,0.05136986301369863,0.37428433
MANHATTAN,2024-06,185,0.043243243243243246,0.402601
MANHATTAN,2024-07,237,0.06329113924050633,0.45117557
MANHATTAN,2024-08,220,0.04090909090909091,0.43685517
MANHATTAN,2024-09,347,0.07204610951008646,0.38908106
MANHATTAN,2024-10,336,0.07738095238095238,0.33947667
MANHATTAN,2024-11,317,0.06309148264984227,0.32742488
MANHATTAN,2024-12,335,0.03582089552238806,0.39116243
MANHATTAN,2025-01,451,0.04434589800443459,0.3103193
MANHATTAN,2025-02,335,0.04477611940298507,0.34578207
MANHATTAN,2025-03,410,0.2048780487804878,0.3870634
MANHATTAN,2025-04,317,0.3501577287066246,0.39020288
MANHATTAN,2025-05,225,0.08444444444444445,0.32709593
MANHATTAN,2025-06,165,0.04242424242424243,0.39929545
MANHATTAN,2025-07,198,0.03535353535353535,0.4512221
MANHATTAN,2025-08,183,0.04371584699453552,0.45566025
MANHATTAN,2025-09,281,0.021352313167259787,0.4513716
MANHATTAN,2025-10,281,0.03914590747330961,0.42048332
MANHATTAN,2025-11,404,0.054455445544554455,0.34821674
MANHATTAN,2025-12,396,0.06818181818181818,0.36124328
MANHATTAN,2026-01,406,0.21674876847290642,0.30875447
MANHATTAN,2026-02,350,0.6057142857142858,0.4282994
MANHATTAN,2026-03,284,0.1936619718309859,0.44191107
MANHATTAN,2026-04,254,0.04330708661417323,0.3396549
MANHATTAN,2026-05,266,0.018796992481203006,0.40625253
MANHATTAN,2026-06,188,0.010638297872340425,0.39365587
MANHATTAN,2026-07,158,0.04430379746835443,0.46023935
MANHATTAN,2026-08,244,0.028688524590163935,0.43979734
MANHATTAN,2026-09,179,0.0335195530726257,0.45684072
QUEENS,2024-03,320,0.278125,0.37519178
QUEENS,2024-04,349,0.2034383954154728,0.36715865
QUEENS,2024-05,221,0.09954751131221719,0.31230855
QUEENS,2024-06,225,0.04,0.34967712
QUEENS,2024-07,223,0.026905829596412557,0.45523852
QUEENS,2024-08,280,0.03214285714285714,0.47278818
QUEENS,2024-09,275,0.08363636363636363,0.39068297
QUEENS,2024-10,309,0.045307443365695796,0.4016733
QUEENS,2024-11,350,0.12,0.31884682
QUEENS,2024-12,349,0.04871060171919771,0.34956998
QUEENS,2025-01,427,0.19672131147540983,0.31656572
QUEENS,2025-02,289,0.04152249134948097,0.34299412
QUEENS,2025-03,355,0.07323943661971831,0.38734433
QUEENS,2025-04,261,0.04597701149425287,0.30621734
QUEENS,2025-05,251,0.07569721115537849,0.39484742
QUEENS,2025-06,265,0.052830188679245285,0.39339745
QUEENS,2025-07,204,0.0392156862745098,0.41405845
QUEENS,2025-08,190,0.04736842105263158,0.44725958
QUEENS,2025-09,248,0.016129032258064516,0.46068332
QUEENS,2025-10,283,0.0706713780918728,0.43590736
QUEENS,2025-11,302,0.19536423841059603,0.3678976
QUEENS,2025-12,433,0.7852193995381063,0.55404663
QUEENS,2026-01,486,0.7757201646090535,0.62625027
QUEENS,2026-02,408,0.8112745098039216,0.69704145
QUEENS,2026-03,465,0.7784946236559139,0.70187885
QUEENS,2026-04,375,0.792,0.6082715
QUEENS,2026-05,300,0.8133333333333334,0.7072805
QUEENS,2026-06,232,0.75,0.67694396
QUEENS,2026-07,226,0.7876106194690266,0.71031845
QUEENS,2026-08,220,0.4818181818181818,0.69802
QUEENS,2026-09,230,0.05217391304347826,0.38881063
STATEN ISLAND,2024-03,158,0.10126582278481013,0.32635766
STATEN ISLAND,2024-04,158,0.10126582278481013,0.40541342
STATEN ISLAND,2024-05,149,0.16778523489932887,0.3664756
STATEN ISLAND,2024-06,118,0.3644067796610169,0.4707749
STATEN ISLAND,2024-07,126,0.05555555555555555,0.5160158
STATEN ISLAND,2024-08,145,0.0896551724137931,0.4578278
STATEN ISLAND,2024-09,101,0.06930693069306931,0.50082177
STATEN ISLAND,2024-10,150,0.04,0.52435493
STATEN ISLAND,2024-11,146,0.04794520547945205,0.5478959
STATEN ISLAND,2024-12,173,0.04046242774566474,0.5306338
STATEN ISLAND,2025-01,189,0.037037037037037035,0.38055384
STATEN ISLAND,2025-02,142,0.07746478873239436,0.41087723
STATEN ISLAND,2025-03,226,0.5265486725663717,0.4463054
STATEN ISLAND,2025-04,135,0.725925925925926,0.70097095
STATEN ISLAND,2025-05,105,0.08571428571428572,0.3981237
STATEN ISLAND,2025-06,98,0.030612244897959183,0.41727528
STATEN ISLAND,2025-07,101,0.0594059405940594,0.5320024
STATEN ISLAND,2025-08,113,0.035398230088495575,0.54219985
STATEN ISLAND,2025-09,126,0.047619047619047616,0.5969116
STATEN ISLAND,2025-10,170,0.041176470588235294,0.5499924
STATEN ISLAND,2025-11,169,0.09467455621301775,0.53515935
STATEN ISLAND,2025-12,152,0.24342105263157895,0.45348102
STATEN ISLAND,2026-01,180,0.03888888888888889,0.3401401
STATEN ISLAND,2026-02,170,0.052941176470588235,0.4377273
STATEN ISLAND,2026-03,163,0.03067484662576687,0.43503335
STATEN ISLAND,2026-04,143,0.04195804195804196,0.42383984
STATEN ISLAND,2026-05,101,0.039603960396039604,0.4185951
STATEN ISLAND,2026-06,125,0.04,0.42120135
STATEN ISLAND,2026-07,149,0.053691275167785234,0.52635413
STATEN ISLAND,2026-08,120,0.041666666666666664,0.53678757
STATEN ISLAND,2026-09,150,0.03333333333333333,0.54944664
