bin,n,mean_pred,observed,p_min,p_max
0,4949,0.24624884,0.14770660739543343,0.096857205,0.28857774
1,4949,0.3136661,0.13073348151141645,0.28858903,0.33611465
2,4949,0.3561447,0.14588805819357445,0.3361426,0.37506214
3,4949,0.39227408,0.1531622550010103,0.37506214,0.40914842
4,4949,0.42601576,0.17013538088502728,0.40915126,0.44380704
5,4948,0.46467516,0.21422797089733225,0.44380704,0.4880745
6,4949,0.52195585,0.42351990301070924,0.48809838,0.55738246
7,4949,0.5928218,0.6213376439684785,0.55745596,0.62884426
8,4949,0.66546136,0.7443928066276015,0.6288536,0.7034248
9,4949,0.7615356,0.7763184481713478,0.7034248,0.9199844
