feature,type,psi,ref_missing,new_missing,ref_mean,new_mean,flag
zip_code,categorical,4.103618815100463,0.033474342468272945,0.058881771706843944,,,major
police_precinct,categorical,3.7799871406435726,0.0,0.0,,,major
boro_backlog_60d,numeric,2.176087149916442,0.0,0.0,211.9824351664521,126.14781062458324,major
boro_share_gt168_14d,numeric,1.884536713343526,0.0007663539942370179,0.0017377599062417912,0.4384808694666136,0.3297801642185605,major
community_board,categorical,1.8530443722999843,0.0,0.030532037422457515,,,major
city_median_dur_14d,numeric,1.7495807714531282,0.0,0.0015761078219402292,145.84795817750802,206.21334604979995,major
boro_median_dur_14d,numeric,1.3587790902915475,0.0007663539942370179,0.0017377599062417912,285.66994892167986,243.44658320344917,major
loc_days_since_prev,numeric,0.7797638313067579,0.14646557537857888,0.28978156762108753,328.19247466539775,127.0473186596677,major
boro_closed_14d,numeric,0.7426075710758993,0.0,0.0,188.71641836797252,151.8728606356968,major
location_type,categorical,0.5631048078099022,0.0,0.0,,,major
address_type,categorical,0.35826145853708596,0.0,0.0,,,major
boro_created_7d,numeric,0.3168207013776384,0.0,0.0,96.51869903745938,81.09036351512458,major
council_district,numeric,0.23222957641367808,0.04687021028753602,0.1393845096890218,27.474930048563987,25.32344861590477,moderate
longitude,numeric,0.1787716972218417,0.04680890196799706,0.12204732364767928,-73.92171784944003,-73.92202925406798,moderate
latitude,numeric,0.165885143876174,0.04680890196799706,0.12204732364767928,40.71797859377767,40.723538014522774,moderate
hour,numeric,0.13343857650437982,0.0,0.0,14.223806020476978,13.95063549475641,moderate
loc_prior_365d,numeric,0.060682266075062816,0.0,0.0,3.2983262828765865,2.8115338762149165,ok
borough,categorical,0.0434868150799343,0.0,0.0,,,ok
dow,numeric,0.037452050422009595,0.0,0.0,2.5336276132671203,2.8318010062842247,ok
month,numeric,0.02699144583560772,0.0,0.0,5.608270492305806,5.906241791105094,ok
loc_prior_90d,numeric,0.010859204548608163,0.0,0.0,1.4544479185825516,0.92574107377397,ok
is_weekend,numeric,,0.0,0.0,0.16258966341732572,0.23736587928630604,ok
is_business_hours,numeric,,0.0,0.0,0.4806265710256882,0.2970761179251955,ok
has_coords,numeric,,0.0,0.0,0.953191098032003,0.8779526763523208,ok
