feature,auc_drop_synthetic,auc_drop_nyc_val
boro_median_dur_14d,0.11281146429189881,0.0123269931337413
boro_backlog_60d,0.08130307758891046,0.0092312983486753
boro_created_7d,0.02641932481862182,0.0084042032186989
boro_share_gt168_14d,0.02330315898355913,0.1433587973959159
city_median_dur_14d,0.0032379897330921947,0.0025247796074885
council_district,0.0020686714762218803,0.0074547328941257
hour,0.0009299565307735458,0.0019105502653779
zip_code,0.0002705787240183666,0.0004087660159702
community_board,0.000244235752926647,0.000130776823818
police_precinct,0.00018327043230977522,-1.1855604168120592e-05
dow,0.0001688409763635675,0.0008606281040761
is_weekend,9.429562536171035e-06,-4.728547493466628e-05
has_coords,0.0,0.0
is_business_hours,-0.0001025923886842639,-3.096404853297763e-06
latitude,-0.00010941178433417538,3.372570691606569e-05
location_type,-0.0004991872023069055,0.0040516901298583
loc_prior_365d,-0.0008209592021382791,-0.0017946595156705
longitude,-0.001083453258454159,0.0003333593015444
address_type,-0.001142862979410797,0.0013440679425782
loc_prior_90d,-0.0022188247424957583,-0.0008077204100095
loc_days_since_prev,-0.0029306304997160173,0.0024344386357479
borough,-0.006010578400353832,-0.0030946347545755
month,-0.009644287791873207,0.0009330449238893
boro_closed_14d,-0.01448528333738123,0.0181054754683078
