,NYC test,Synthetic all,Synthetic history-ready,Δ all vs NYC,Δ history-ready vs NYC
n,19722.0,49489.0,45952.0,29767.0,26230.0
prevalence,0.7964709461515059,0.3527450544565459,0.34836350974930363,-0.44372589169496,-0.4481074364022023
roc_auc,0.7436856078210602,0.7912248771878863,0.7995120042837249,0.047539269366826065,0.05582639646266474
pr_auc,0.9027421801774104,0.6797804341685083,0.6874603332689235,-0.22296174600890206,-0.21528184690848684
pr_auc_minus_prevalence,0.10627123402590444,0.3270353797119624,0.3390968235196199,0.22076414568605796,0.23282558949371546
pr_auc_lift_over_prevalence,1.133427634164686,1.9271154211242083,1.9733993774596186,0.7936877869595222,0.8399717432949325
accuracy,0.7393266403001724,0.7595223180908889,0.7686934192200557,0.020195677790716515,0.029366778919883374
balanced_accuracy,0.6886334232021385,0.693656739054896,0.7031591154062296,0.005023315852757504,0.014525692204091056
precision,0.8841707263869701,0.7559425096738529,0.7632892804698972,-0.12822821671311724,-0.12088144591707295
recall,0.7741278329513623,0.47001202955834337,0.4870689655172414,-0.30411580339301897,-0.28705886743412096
f1,0.825498116153559,0.5796333580587051,0.594668802196545,-0.24586475809485386,-0.2308293139570139
brier,0.1547645777463913,0.19331622123718262,0.19089509546756744,0.03855164349079132,0.03613051772117615
brier_prevalence_only,0.16210497808803087,0.22831598101299438,0.22700637482445046,0.06621100292496351,0.06490139673641959
mean_predicted_prob,0.6820716857910156,0.47408008575439453,0.47414225339889526,-0.2079916000366211,-0.20792943239212036
tn,2421.0,29383.0,27526.0,26962.0,25105.0
fp,1593.0,2649.0,2418.0,1056.0,825.0
fn,3548.0,9252.0,8211.0,5704.0,4663.0
tp,12160.0,8205.0,7797.0,-3955.0,-4363.0
