,nyc_test,synthetic,delta
n,19722.0,49489.0,29767.0
prevalence,0.7964709461515059,0.3527450544565459,-0.44372589169496
roc_auc,0.7436856078210602,0.7912248771878863,0.047539269366826065
pr_auc,0.9027421801774104,0.6797804341685083,-0.22296174600890206
balanced_accuracy,0.6886334232021385,0.693656739054896,0.005023315852757504
accuracy,0.7393266403001724,0.7595223180908889,0.020195677790716515
precision,0.8841707263869701,0.7559425096738529,-0.12822821671311724
recall,0.7741278329513623,0.47001202955834337,-0.30411580339301897
f1,0.825498116153559,0.5796333580587051,-0.24586475809485386
brier,0.1547645777463913,0.19331622123718262,0.03855164349079132
