feature,auc_drop,std
boro_share_gt168_14d,0.14335879739591598,0.0032107750309194054
boro_closed_14d,0.01810547546830783,0.0009387614983097978
boro_median_dur_14d,0.012326993133741327,0.0011054667228943208
boro_backlog_60d,0.009231298348675398,0.00089661947420638
boro_created_7d,0.008404203218698924,0.0009085498401926187
council_district,0.007454732894125704,0.0006298343531662554
location_type,0.004051690129858354,0.0003979250353282172
city_median_dur_14d,0.0025247796074885365,0.00040552710810692286
loc_days_since_prev,0.002434438635747904,0.0004838345832366435
hour,0.0019105502653779416,0.00043496198258234295
address_type,0.0013440679425782865,0.00017602693329715099
month,0.0009330449238893257,0.00012638109571611056
dow,0.0008606281040761221,0.00022334967481966712
zip_code,0.0004087660159702855,0.00016452663444862207
longitude,0.0003333593015444336,0.0003456914471529057
community_board,0.00013077682381801292,7.677621133972985e-05
latitude,3.372570691606569e-05,8.805353935050664e-05
has_coords,0.0,0.0
is_business_hours,-3.096404853297763e-06,0.00019158460317315944
police_precinct,-1.1855604168120593e-05,8.274689128262737e-05
is_weekend,-4.728547493466628e-05,1.3219264910248723e-05
loc_prior_90d,-0.0008077204100095381,0.0002560982476109482
loc_prior_365d,-0.0017946595156705047,0.00017582272103453594
borough,-0.0030946347545755203,0.0006871971808707042
