model,params,train_roc_auc,val_roc_auc,val_pr_auc,val_balanced_accuracy,val_f1,val_precision,val_recall,val_brier,val_threshold
logreg,"{""C"": 0.01}",0.6952688139337149,0.7990285150230665,0.9036299766386544,0.7603280951596979,0.8373672212252025,0.9030233288000837,0.7806113221197323,0.14596521509336044,0.676742843231805
logreg,"{""C"": 0.1}",0.702399912602283,0.7951133253744824,0.9018185532573748,0.7559888933149812,0.8411843876177658,0.8978042273753335,0.7912823295351782,0.14539365255966838,0.6683584412752878
logreg,"{""C"": 1.0}",0.7050104890394394,0.7917619045735191,0.8996204180828518,0.751499664188427,0.8333414102253452,0.8977759214785423,0.7775366250678242,0.14564300058080268,0.6800185945508246
random_forest,"{""max_depth"": 8, ""min_samples_leaf"": 5}",0.7266023890367145,0.7859876674328303,0.8937728102985409,0.750629957354314,0.8508068321222988,0.8895027624309392,0.8153373123530475,0.17460716432769785,0.5993616916003106
random_forest,"{""max_depth"": 8, ""min_samples_leaf"": 30}",0.7143577646497923,0.7900362484780448,0.8962845552795895,0.7521466378216648,0.8468374281233665,0.8923385077616425,0.8057514921323928,0.1740225496390738,0.6032129839770414
random_forest,"{""max_depth"": 16, ""min_samples_leaf"": 5}",0.8126470602451399,0.7825829027530056,0.896668837613879,0.7469237813732253,0.8551530731479318,0.8849762987327078,0.8272743714957497,0.16054748871990052,0.5964591992061101
random_forest,"{""max_depth"": 16, ""min_samples_leaf"": 30}",0.7545464524842231,0.7907450360902342,0.901174070095492,0.7542989308299166,0.8356243949661181,0.89897937929598,0.7806113221197323,0.159029905761855,0.6373138054966591
xgboost,"{""learning_rate"": 0.05, ""max_depth"": 3, ""n_estimators"": 200}",0.7426302735503802,0.8042179602233956,0.90758586888479,0.75530065964328,0.8432396187556875,0.8963445677629569,0.7960752396455055,0.14606036245822906,0.6153271198272705
xgboost,"{""learning_rate"": 0.05, ""max_depth"": 3, ""n_estimators"": 500}",0.7726697697832234,0.7971049400768314,0.9068772541920223,0.7442155556279149,0.8376747749473281,0.8901892937105638,0.7910110327364803,0.15107209980487823,0.5771735310554504
xgboost,"{""learning_rate"": 0.05, ""max_depth"": 5, ""n_estimators"": 200}",0.7946002780228781,0.7984600800125216,0.9068125308586261,0.7611194155286047,0.8520013294715351,0.8969309207237829,0.8113582926388135,0.15367789566516876,0.5587747097015381
xgboost,"{""learning_rate"": 0.05, ""max_depth"": 5, ""n_estimators"": 500}",0.837043481306662,0.7811493636723189,0.9012578298751865,0.7340051542841411,0.8123243776189303,0.8929229435352769,0.7450714414903238,0.16099467873573303,0.5756018757820129
