rel_week,coefficient,std_error,ci_lower,ci_upper,p_value
-4,0.0003088802401028304,0.000543787400364903,-0.0007569234798590426,0.0013746839600647033,0.5700237339228471
-3,-0.0007128833238080674,0.0005020448888526103,-0.001696873224581598,0.00027110657696546327,0.15561952169557652
-2,7.898343822242514e-05,0.00047565267746072057,-0.0008532786787506339,0.0010112455551954842,0.8681154327565022
-1,0.0,,,,
0,-0.0007639715020038491,0.0004921203693498679,-0.0017285097019881393,0.00020056669798044113,0.12056467727920889
1,-0.00043189834373292684,0.0004701381944736903,-0.0013533522726580478,0.000489555585192194,0.3582721137693614
2,0.0013561878931107481,0.0005913076286780365,0.00019724623711801304,0.0025151295491034832,0.021816916310599264
3,0.0003855125073958826,0.0005647180846749621,-0.0007213145999854836,0.001492339614777249,0.4948194057099369
4,-0.0003297219873421342,0.000466020271361297,-0.001243104935275859,0.0005836609605915907,0.47923895618383094
