policy,regime,borough,n_jobs,wait_mean_days,wait_median_days,wait_p90_days,wait_max_days
fifo,all,<missing>,8,5.3890625,0.8621527777777778,12.25055555555555,36.52013888888889
fifo,all,BRONX,11379,13.084458639696907,2.671527777777778,38.75625,46.75
fifo,all,BROOKLYN,16179,12.771507260783869,2.415277777777778,38.53652777777778,46.8
fifo,all,MANHATTAN,7676,12.941433617045915,2.589930555555555,37.96909722222222,46.81458333333333
fifo,all,QUEENS,14905,12.87940633269969,1.9520833333333334,38.58875,46.78958333333333
fifo,all,STATEN ISLAND,7297,17.374874187261128,6.923611111111111,39.959722222222226,46.81597222222222
fifo,stable,<missing>,7,0.941765873015873,0.81875,1.5897222222222225,1.8493055555555555
fifo,stable,BRONX,6153,1.5158416400310597,0.9472222222222222,3.891666666666668,6.302083333333333
fifo,stable,BROOKLYN,9269,1.462986238477122,0.9,3.665416666666667,6.384027777777778
fifo,stable,MANHATTAN,4133,1.4525190203511036,0.9208333333333333,3.6547222222222238,5.9430555555555555
fifo,stable,QUEENS,8663,1.4094851828337631,0.8895833333333333,3.5838888888888887,6.190277777777778
fifo,stable,STATEN ISLAND,2877,1.5096860155254317,0.9243055555555556,3.8090277777777777,6.309027777777778
fifo,overload,<missing>,1,36.52013888888889,36.52013888888889,36.52013888888889,36.52013888888889
fifo,overload,BRONX,5226,26.705143752391884,34.609375,41.41909722222222,46.75
fifo,overload,BROOKLYN,6910,27.94063625582891,34.90902777777778,40.76395833333333,46.8
fifo,overload,MANHATTAN,3543,26.343545959168313,34.30416666666667,40.69152777777778,46.81458333333333
fifo,overload,QUEENS,6242,28.798010453380325,35.4375,40.95993055555556,46.78958333333333
fifo,overload,STATEN ISLAND,4420,27.70160413524384,34.896875,40.92729166666667,46.81597222222222
age_only,all,<missing>,8,5.3890625,0.8621527777777778,12.25055555555555,36.52013888888889
age_only,all,BRONX,11379,13.084458639696907,2.671527777777778,38.75625,46.75
age_only,all,BROOKLYN,16179,12.771507260783869,2.415277777777778,38.53652777777778,46.8
age_only,all,MANHATTAN,7676,12.941433617045915,2.589930555555555,37.96909722222222,46.81458333333333
age_only,all,QUEENS,14905,12.87940633269969,1.9520833333333334,38.58875,46.78958333333333
age_only,all,STATEN ISLAND,7297,17.374874187261128,6.923611111111111,39.959722222222226,46.81597222222222
age_only,stable,<missing>,7,0.941765873015873,0.81875,1.5897222222222225,1.8493055555555555
age_only,stable,BRONX,6153,1.5158416400310597,0.9472222222222222,3.891666666666668,6.302083333333333
age_only,stable,BROOKLYN,9269,1.462986238477122,0.9,3.665416666666667,6.384027777777778
age_only,stable,MANHATTAN,4133,1.4525190203511036,0.9208333333333333,3.6547222222222238,5.9430555555555555
age_only,stable,QUEENS,8663,1.4094851828337631,0.8895833333333333,3.5838888888888887,6.190277777777778
age_only,stable,STATEN ISLAND,2877,1.5096860155254317,0.9243055555555556,3.8090277777777777,6.309027777777778
age_only,overload,<missing>,1,36.52013888888889,36.52013888888889,36.52013888888889,36.52013888888889
age_only,overload,BRONX,5226,26.705143752391884,34.609375,41.41909722222222,46.75
age_only,overload,BROOKLYN,6910,27.94063625582891,34.90902777777778,40.76395833333333,46.8
age_only,overload,MANHATTAN,3543,26.343545959168313,34.30416666666667,40.69152777777778,46.81458333333333
age_only,overload,QUEENS,6242,28.798010453380325,35.4375,40.95993055555556,46.78958333333333
age_only,overload,STATEN ISLAND,4420,27.70160413524384,34.896875,40.92729166666667,46.81597222222222
age_c,all,<missing>,8,5.1390625,0.7368055555555555,11.589930555555547,36.52013888888889
age_c,all,BRONX,11379,12.199758753942447,0.8979166666666667,38.75625,46.75
age_c,all,BROOKLYN,16179,12.494481486632191,0.9055555555555556,38.53652777777778,46.8
age_c,all,MANHATTAN,7676,11.114179839036535,0.8055555555555556,37.96909722222222,46.81458333333333
age_c,all,QUEENS,14905,13.480144340079764,1.8763888888888889,38.58875,46.78958333333333
age_c,all,STATEN ISLAND,7297,20.064061524523016,18.689583333333335,39.959722222222226,46.81597222222222
age_c,stable,<missing>,7,0.6560515873015873,0.6548611111111111,0.8718055555555556,0.9055555555555556
age_c,stable,BRONX,6153,1.0845073315636455,0.6506944444444445,1.6151388888888891,16.72361111111111
age_c,stable,BROOKLYN,9269,1.153675633233838,0.6520833333333333,1.8952777777777783,16.615972222222222
age_c,stable,MANHATTAN,4133,0.6729400220447885,0.6034722222222222,0.9318055555555557,15.907638888888888
age_c,stable,QUEENS,8663,1.741702659458489,0.7472222222222222,4.728194444444444,16.823611111111113
age_c,stable,STATEN ISLAND,2877,3.5489630402039163,1.457638888888889,10.780555555555555,16.977777777777778
age_c,overload,<missing>,1,36.52013888888889,36.52013888888889,36.52013888888889,36.52013888888889
age_c,overload,BRONX,5226,25.28665925181783,34.609375,41.41909722222222,46.75
age_c,overload,BROOKLYN,6910,27.706917008361472,34.90902777777778,40.76395833333333,46.8
age_c,overload,MANHATTAN,3543,23.294152789538057,34.30416666666667,40.69152777777778,46.81458333333333
age_c,overload,QUEENS,6242,29.77141641300865,35.4375,40.95993055555556,46.78958333333333
age_c,overload,STATEN ISLAND,4420,30.813821329813976,34.896875,40.92729166666667,46.81597222222222
age_r,all,<missing>,8,5.3890625,0.8621527777777778,12.25055555555555,36.52013888888889
age_r,all,BRONX,11379,13.14623911249768,2.3777777777777778,38.75625,46.75
age_r,all,BROOKLYN,16179,12.687942145510984,1.7472222222222222,38.53652777777778,46.8
age_r,all,MANHATTAN,7676,12.940782236118348,2.311111111111111,37.96909722222222,46.81458333333333
age_r,all,QUEENS,14905,12.995072216631257,1.8131944444444446,38.58875,46.78958333333333
age_r,all,STATEN ISLAND,7297,17.228238583588386,6.669444444444444,39.959722222222226,46.81597222222222
age_r,stable,<missing>,7,0.941765873015873,0.81875,1.5897222222222225,1.8493055555555555
age_r,stable,BRONX,6153,1.5186045199270455,0.8951388888888889,4.041111111111114,7.547916666666667
age_r,stable,BROOKLYN,9269,1.4204789561381426,0.8076388888888889,3.714583333333333,7.5465277777777775
age_r,stable,MANHATTAN,4133,1.5280089792187541,0.9041666666666667,3.991805555555556,7.497222222222222
age_r,stable,QUEENS,8663,1.4184889921376993,0.8451388888888889,3.462777777777778,7.538888888888889
age_r,stable,STATEN ISLAND,2877,1.50516741976596,0.8534722222222222,4.319861111111114,7.514583333333333
age_r,overload,<missing>,1,36.52013888888889,36.52013888888889,36.52013888888889,36.52013888888889
age_r,overload,BRONX,5226,26.836410495598926,34.65763888888888,41.41909722222222,46.75
age_r,overload,BROOKLYN,6910,27.801996603151633,34.944097222222226,40.76395833333333,46.8
age_r,overload,MANHATTAN,3543,26.25407376046665,34.41736111111111,40.69152777777778,46.81458333333333
age_r,overload,QUEENS,6242,29.061707986222363,35.45520833333333,40.95993055555556,46.78958333333333
age_r,overload,STATEN ISLAND,4420,27.462463863750628,34.920138888888886,40.92729166666667,46.81597222222222
operational,all,<missing>,8,5.1390625,0.7368055555555555,11.589930555555547,36.52013888888889
operational,all,BRONX,11379,12.40917961693568,0.9006944444444445,38.75625,46.75
operational,all,BROOKLYN,16179,12.495161380321541,0.8944444444444445,38.53652777777778,46.8
operational,all,MANHATTAN,7676,11.279500318452897,0.7993055555555556,37.96909722222222,46.81458333333333
operational,all,QUEENS,14905,13.561928976107943,1.711111111111111,38.58875,46.78958333333333
operational,all,STATEN ISLAND,7297,19.395019452438596,16.85763888888889,39.959722222222226,46.81597222222222
operational,stable,<missing>,7,0.6560515873015873,0.6548611111111111,0.8718055555555556,0.9055555555555556
operational,stable,BRONX,6153,1.098971820430865,0.6534722222222222,1.493194444444445,19.864583333333332
operational,stable,BROOKLYN,9269,1.1790289615324678,0.6506944444444445,1.852638888888891,19.629166666666666
operational,stable,MANHATTAN,4133,0.6944740167217786,0.6041666666666666,0.9347222222222222,17.90763888888889
operational,stable,QUEENS,8663,1.7831432689471187,0.7430555555555556,4.699027777777777,19.304166666666667
operational,stable,STATEN ISLAND,2877,3.280627968949137,0.9083333333333333,10.46902777777778,20.29513888888889
operational,overload,<missing>,1,36.52013888888889,36.52013888888889,36.52013888888889,36.52013888888889
operational,overload,BRONX,5226,25.72561830271718,34.626041666666666,41.41909722222222,46.75
operational,overload,BROOKLYN,6910,27.67450022109664,34.93333333333333,40.76395833333333,46.8
operational,overload,MANHATTAN,3543,23.62720387618779,34.397222222222226,40.69152777777778,46.81458333333333
operational,overload,QUEENS,6242,29.909192766741427,35.44479166666667,40.95993055555556,46.78958333333333
operational,overload,STATEN ISLAND,4420,29.883957076420312,34.90659722222222,40.92729166666667,46.81597222222222
