spec,band,estimate,std_error,z,p_value,ci_lower,ci_upper,pct_change_per_7_nights,pct_ci_lower,pct_ci_upper,n_obs,n_cells,n_periods,n_fe_borough_period,n_clusters,n_obs_dropped,exposure_total,mean_exposure,period,estimator,fixed_effects,cluster,estimand
primary,x_0_100,-0.00022328700519507125,0.0010303581230499013,-0.21670815243745814,0.8284357942534605,-0.0022427518175511672,0.0017961778071610246,-0.1561788173897482,-1.5576671665989683,1.265262021123979,3921970,30169,130,650,200,3158740,3164220,0.8067935246827487,week,"PPML (Poisson FE, IRLS + alternating projections)",cell (H3 res-10) + borough x week,H3 res-7 parent (CR1-type G/(G-1)),per additional reported-open light-night (311 open status) in the band; not a physical-darkness or repair effect; under the non-differential timing-error assumption an attenuated signal of darkness
primary,x_100_250,-1.987383467843392e-06,0.0006058804918459697,-0.0032801575468923263,0.9973828176295677,-0.0011894913264213578,0.001185516559485671,-0.0013911587507872793,-0.829187050086349,0.8333144877569754,3921970,30169,130,650,200,3158740,15639217,3.9875922049378247,week,"PPML (Poisson FE, IRLS + alternating projections)",cell (H3 res-10) + borough x week,H3 res-7 parent (CR1-type G/(G-1)),per additional reported-open light-night (311 open status) in the band; not a physical-darkness or repair effect; under the non-differential timing-error assumption an attenuated signal of darkness
primary,x_250_500,0.00014458378974158915,0.0002591683274822031,0.5578759995336144,0.5769290613861131,-0.0003633767980570112,0.0006525443775401896,0.10125988605883911,-0.2540405281498513,0.45782589924522543,3921970,30169,130,650,200,3158740,52753298,13.450714309390435,week,"PPML (Poisson FE, IRLS + alternating projections)",cell (H3 res-10) + borough x week,H3 res-7 parent (CR1-type G/(G-1)),per additional reported-open light-night (311 open status) in the band; not a physical-darkness or repair effect; under the non-differential timing-error assumption an attenuated signal of darkness
cutoff_750,x_0_100,-0.00022686879216606793,0.0010338666811439726,-0.21943718305636642,0.8263095078850274,-0.00225321025202421,0.0017994726676920743,-0.15868212109248983,-1.5648737716126089,1.2675976324631715,3921970,30169,130,650,200,3158740,3164220,0.8067935246827487,week,"PPML (Poisson FE, IRLS + alternating projections)",cell (H3 res-10) + borough x week,H3 res-7 parent (CR1-type G/(G-1)),per additional reported-open light-night (311 open status) in the band; not a physical-darkness or repair effect; under the non-differential timing-error assumption an attenuated signal of darkness
cutoff_750,x_100_250,-6.096772971934043e-06,0.0006004941398380779,-0.010152926677316161,0.9918992757304803,-0.0011830436599819256,0.0011708501140380576,-0.004267650013579687,-0.8247110068199913,0.8229629549930774,3921970,30169,130,650,200,3158740,15639217,3.9875922049378247,week,"PPML (Poisson FE, IRLS + alternating projections)",cell (H3 res-10) + borough x week,H3 res-7 parent (CR1-type G/(G-1)),per additional reported-open light-night (311 open status) in the band; not a physical-darkness or repair effect; under the non-differential timing-error assumption an attenuated signal of darkness
cutoff_750,x_250_500,0.00013884005664271904,0.0002500482379280705,0.5552530895365003,0.5787215604848952,-0.00035124548409400146,0.0006289255973794395,0.09723528252872793,-0.2455698216358783,0.44121843301399566,3921970,30169,130,650,200,3158740,52753298,13.450714309390435,week,"PPML (Poisson FE, IRLS + alternating projections)",cell (H3 res-10) + borough x week,H3 res-7 parent (CR1-type G/(G-1)),per additional reported-open light-night (311 open status) in the band; not a physical-darkness or repair effect; under the non-differential timing-error assumption an attenuated signal of darkness
cutoff_750,x_500_750,4.4541563404689404e-05,0.00021396211340001678,0.20817500209215037,0.8350923264460623,-0.00037481647291541834,0.0004638995997247972,0.031183955568126732,-0.2620276377643883,0.32525753793479173,3921970,30169,130,650,200,3158740,83125625,21.194865080559005,week,"PPML (Poisson FE, IRLS + alternating projections)",cell (H3 res-10) + borough x week,H3 res-7 parent (CR1-type G/(G-1)),per additional reported-open light-night (311 open status) in the band; not a physical-darkness or repair effect; under the non-differential timing-error assumption an attenuated signal of darkness
fortnight,x_0_100,-8.077772195982804e-05,0.0005342358258250493,-0.15120236804613138,0.8798160823423831,-0.0011278606998279378,0.0009663052559082817,-0.056528422035688086,-0.7863941046107353,0.6787065232507905,1960985,30169,65,325,200,1579370,3164220,1.6135870493654974,fortnight,"PPML (Poisson FE, IRLS + alternating projections)",cell (H3 res-10) + borough x fortnight,H3 res-7 parent (CR1-type G/(G-1)),per additional reported-open light-night (311 open status) in the band; not a physical-darkness or repair effect; under the non-differential timing-error assumption an attenuated signal of darkness
fortnight,x_100_250,2.1515807878311618e-05,0.00030465126523968695,0.07062438378972061,0.9436967034078876,-0.0005755896998360341,0.0006186213155926573,0.015062199750232274,-0.4021021853458497,0.43397387196794057,1960985,30169,65,325,200,1579370,15639217,7.9751844098756495,fortnight,"PPML (Poisson FE, IRLS + alternating projections)",cell (H3 res-10) + borough x fortnight,H3 res-7 parent (CR1-type G/(G-1)),per additional reported-open light-night (311 open status) in the band; not a physical-darkness or repair effect; under the non-differential timing-error assumption an attenuated signal of darkness
fortnight,x_250_500,5.4130262327478525e-05,0.0001346578273999765,0.40198377897999543,0.6876959641702765,-0.00020979422961288623,0.0003180547542678433,0.03789836324500425,-0.14674818013021299,0.22288635114364996,1960985,30169,65,325,200,1579370,52753298,26.90142861878087,fortnight,"PPML (Poisson FE, IRLS + alternating projections)",cell (H3 res-10) + borough x fortnight,H3 res-7 parent (CR1-type G/(G-1)),per additional reported-open light-night (311 open status) in the band; not a physical-darkness or repair effect; under the non-differential timing-error assumption an attenuated signal of darkness
